,AC,priority,label-val,cluster,max_ident_other,closest_other
0,157D_A,False,0,0.0,0.6920000000000001,3CGP_B
1,157D_B,False,0,0.0,0.6920000000000001,3CGP_B
2,1CSL_A,False,0,1.0,0.5379999999999999,4MSB_F
3,1CSL_B,False,0,2.0,0.688,1DUQ_B
4,1DDY_A,False,0,3.0,0.47600000000000003,3GCA_A
5,1DDY_C,False,0,3.0,0.47600000000000003,3GCA_A
6,1DDY_E,False,0,3.0,0.47600000000000003,3GCA_A
7,1DDY_G,False,0,3.0,0.47600000000000003,3GCA_A
8,1DQF_A,False,0,4.0,0.545,3P59_F
9,1DQF_B,False,0,4.0,1.0,1DQH_B
10,1DQH_A,False,0,4.0,0.545,3P59_F
11,1DQH_B,False,0,0.0,1.0,1DQF_B
12,1DUQ_A,False,0,1.0,0.643,6JJH_B
13,1DUQ_B,False,0,4.0,0.688,1CSL_B
14,1DUQ_C,False,0,1.0,0.643,6JJH_B
15,1DUQ_D,False,0,4.0,0.688,1CSL_B
16,1DUQ_E,False,0,1.0,0.643,6JJH_B
17,1DUQ_F,False,0,4.0,0.688,1CSL_B
18,1DUQ_G,False,0,1.0,0.643,6JJH_B
19,1DUQ_H,False,0,4.0,0.688,1CSL_B
20,1ET4_A,False,0,3.0,0.47600000000000003,3GCA_A
21,1ET4_B,False,0,3.0,0.47600000000000003,3GCA_A
22,1ET4_C,False,0,3.0,0.47600000000000003,3GCA_A
23,1ET4_D,False,0,3.0,0.47600000000000003,3GCA_A
24,1ET4_E,False,0,3.0,0.47600000000000003,3GCA_A
25,1F27_A,False,0,0.0,0.526,1CSL_B
26,1F27_B,False,0,2.0,0.583,4MCE_B
27,1FG0_A,False,0,0.0,0.424,4E8K_A
28,1GID_A,False,0,2.0,0.503,7JRS_A
29,1GID_B,False,0,2.0,0.503,7JRS_A
30,1HR2_A,False,0,2.0,0.49700000000000005,7JRS_A
31,1HR2_B,False,0,2.0,0.49700000000000005,7JRS_A
32,1I9X_A,False,0,1.0,0.5379999999999999,354D_A
33,1I9X_B,False,0,1.0,0.5379999999999999,354D_A
34,1J7T_A,False,0,4.0,0.542,1NTA_B
35,1J7T_B,False,0,4.0,0.542,1NTA_B
36,1J8G_A,False,0,0.0,1.0,1J8G_C
37,1J8G_B,False,0,0.0,1.0,1J8G_C
38,1J8G_C,False,0,1.0,1.0,1J8G_A
39,1J8G_D,False,0,3.0,1.0,1J8G_A
40,1K9W_A,False,0,0.0,0.5,1DUQ_B
41,1K9W_B,False,0,0.0,0.5,1DUQ_B
42,1K9W_C,False,0,0.0,0.5,1DUQ_B
43,1K9W_D,False,0,0.0,0.5,1DUQ_B
44,1KD3_A,False,0,1.0,0.667,3NJ6_A
45,1KD3_B,False,0,1.0,0.667,3NJ6_A
46,1KD4_A,False,0,1.0,0.667,3NJ6_A
47,1KD4_B,False,0,1.0,0.667,3NJ6_A
48,1KD5_A,False,0,1.0,0.667,3NJ6_A
49,1KD5_B,False,0,1.0,0.667,3NJ6_A
50,1KXK_A,False,0,3.0,0.506,5BTM_A
51,1L3Z_A,False,0,3.0,0.667,4JAB_A
52,1L3Z_B,False,0,3.0,0.667,4JAB_A
53,1L8V_A,False,0,2.0,0.494,7JRS_A
54,1L8V_B,False,0,2.0,0.494,7JRS_A
55,1LC4_A,False,0,4.0,0.542,4J50_A
56,1LC4_B,False,0,4.0,0.542,4J50_A
57,1MHK_L,False,0,3.0,0.632,357D_B
58,1MHK_S,False,0,3.0,0.615,3CGP_B
59,1MME_A,False,0,3.0,0.6,2D2K_D
60,1MME_B,False,0,1.0,0.615,4PHY_B
61,1MME_C,False,0,3.0,0.6,2D2K_D
62,1MME_D,False,0,1.0,0.615,4PHY_B
63,1MSY_A,False,0,2.0,0.6,1Q96_A
64,1MWL_A,False,0,4.0,0.542,1NTA_B
65,1MWL_B,False,0,4.0,0.542,1NTA_B
66,1NBS_A,False,0,1.0,0.473,2IL9_A
67,1NBS_B,False,0,1.0,0.473,2IL9_A
68,1NLC_A,False,0,0.0,0.517,1LC4_A
69,1NLC_B,False,0,0.0,0.517,1LC4_A
70,1NTA_A,False,0,1.0,0.64,6E7L_A
71,1NTA_B,False,0,1.0,0.611,6JJH_B
72,1NTB_A,False,0,1.0,0.64,6E7L_A
73,1NTB_B,False,0,1.0,0.611,6JJH_B
74,1NUJ_A,False,0,1.0,0.615,1SA9_B
75,1NUJ_B,False,0,3.0,0.636,2XSL_A
76,1NUJ_C,False,0,1.0,0.615,1SA9_B
77,1NUJ_D,False,0,3.0,0.636,2XSL_A
78,1NUJ_E,False,0,1.0,0.615,1SA9_B
79,1NUJ_F,False,0,3.0,0.636,2XSL_A
80,1NUJ_G,False,0,1.0,0.615,1SA9_B
81,1NUJ_H,False,0,3.0,0.636,2XSL_A
82,1NUV_A,False,0,1.0,0.615,1SA9_B
83,1NUV_B,False,0,3.0,0.636,2XSL_A
84,1NUV_C,False,0,1.0,0.615,1SA9_B
85,1NUV_D,False,0,3.0,0.636,2XSL_A
86,1NUV_E,False,0,1.0,0.615,1SA9_B
87,1NUV_F,False,0,3.0,0.636,2XSL_A
88,1NUV_G,False,0,1.0,0.615,1SA9_B
89,1NUV_H,False,0,3.0,0.636,2XSL_A
90,1NYI_A,False,0,3.0,0.6,2D2K_D
91,1NYI_B,False,0,1.0,0.64,4PHY_B
92,1O3Z_A,False,0,0.0,0.517,1LC4_A
93,1O3Z_B,False,0,0.0,0.517,1LC4_A
94,1O9M_A,False,0,4.0,0.542,1NTA_B
95,1O9M_B,False,0,4.0,0.542,1NTA_B
96,1OSU_A,False,0,1.0,0.7140000000000001,2VAL_C
97,1P79_A,False,0,1.0,0.833,1J8G_A
98,1P9X_0,False,0,2.0,0.13699999999999998,1FG0_A
99,1Q29_A,False,0,3.0,0.6,2D2K_D
100,1Q29_B,False,0,1.0,0.64,4PHY_B
101,1Q93_A,False,0,3.0,0.633,1Q9A_A
102,1Q93_B,False,0,3.0,0.633,1Q9A_A
103,1Q93_C,False,0,3.0,0.633,1Q9A_A
104,1Q96_A,False,0,3.0,0.633,1Q9A_A
105,1Q96_B,False,0,3.0,0.633,1Q9A_A
106,1Q96_C,False,0,3.0,0.633,1Q9A_A
107,1Q9A_A,False,0,2.0,0.633,1Q93_A
108,1QC0_A,False,0,1.0,0.667,434D_A
109,1QC0_B,False,0,1.0,0.6,5V9Z_B
110,1QC0_C,False,0,1.0,0.526,354D_A
111,1QC0_D,False,0,1.0,0.6,420D_A
112,1QCU_A,False,0,1.0,0.615,353D_B
113,1QCU_B,False,0,1.0,1.0,1QCU_C
114,1QCU_C,False,0,3.0,1.0,1QCU_B
115,1QCU_D,False,0,1.0,0.615,353D_B
116,1RNA_A,False,0,3.0,1.0,1RNA_B
117,1RNA_B,False,0,1.0,1.0,1RNA_A
118,1RXA_A,False,0,3.0,1.0,1RXB_A
119,1RXB_A,False,0,0.0,1.0,1RXB_B
120,1RXB_B,False,0,1.0,1.0,1RXB_A
121,1SA9_A,False,0,3.0,1.0,1SA9_B
122,1SA9_B,False,0,0.0,1.0,1SA9_C
123,1SA9_C,False,0,1.0,1.0,1SA9_B
124,1SA9_D,False,0,3.0,1.0,1SA9_B
125,1SA9_E,False,0,0.0,1.0,1SA9_C
126,1SDR_A,False,0,1.0,0.5710000000000001,5CNR_B
127,1SDR_B,False,0,3.0,0.615,422D_A
128,1SDR_C,False,0,1.0,0.5710000000000001,5CNR_B
129,1SDR_D,False,0,3.0,0.615,422D_A
130,1T0D_B,False,0,0.0,0.55,4P97_A
131,1T0D_D,False,0,0.0,0.55,4P97_A
132,1T0E_A,False,0,1.0,0.722,3TZR_B
133,1T0E_C,False,0,0.0,0.524,4P97_A
134,1U9S_A,False,0,3.0,0.48,4MEG_B
135,1WVD_A,False,0,0.0,0.517,1LC4_A
136,1WVD_B,False,0,0.0,0.517,1LC4_A
137,1X9C_B,False,0,3.0,0.615,354D_A
138,1X9C_C,False,0,0.0,0.556,1T0E_A
139,1X9C_D,False,0,0.0,0.5710000000000001,5CNR_A
140,1X9K_A,False,0,1.0,0.643,1ZFV_A
141,1X9K_B,False,0,1.0,0.5710000000000001,1MHK_S
142,1X9K_C,False,0,0.0,0.556,1T0E_A
143,1X9K_D,False,0,0.0,0.5710000000000001,5CNR_A
144,1XP7_A,False,0,0.0,0.556,5VCF_A
145,1XP7_B,False,0,0.0,0.556,5VCF_A
146,1XPE_A,False,0,0.0,0.586,4GPW_A
147,1XPE_B,False,0,0.0,0.586,4GPW_A
148,1XPF_A,False,0,0.0,0.517,1LC4_A
149,1XPF_B,False,0,0.0,0.517,1LC4_A
150,1Y26_X,False,0,2.0,0.613,4FEP_B
151,1Y6S_A,False,0,0.0,0.517,1LC4_A
152,1Y6S_B,False,0,0.0,0.517,1LC4_A
153,1Y6T_A,False,0,0.0,0.517,1LC4_A
154,1Y6T_B,False,0,0.0,0.517,1LC4_A
155,1Y73_A,False,0,0.0,0.517,1LC4_A
156,1Y73_B,False,0,0.0,0.517,1LC4_A
157,1Y95_A,False,0,0.0,0.517,1LC4_A
158,1Y95_B,False,0,0.0,0.517,1LC4_A
159,1Y99_A,False,0,0.0,0.517,1LC4_A
160,1Y99_B,False,0,0.0,0.517,1LC4_A
161,1YKQ_A,False,0,1.0,0.615,280D_A
162,1YKQ_B,False,0,1.0,0.5479999999999999,5BJP_E
163,1YKQ_C,False,0,1.0,0.615,280D_A
164,1YKQ_D,False,0,1.0,0.5479999999999999,5BJP_E
165,1YKV_A,False,0,1.0,0.615,280D_A
166,1YKV_B,False,0,1.0,0.5479999999999999,5BJP_E
167,1YKV_C,False,0,1.0,0.615,280D_A
168,1YKV_D,False,0,1.0,0.5479999999999999,5BJP_E
169,1YRJ_A,False,0,4.0,0.542,4J50_A
170,1YRJ_B,False,0,4.0,0.542,4J50_A
171,1Z43_A,False,0,1.0,0.491,2HOK_A
172,1Z7F_A,False,0,2.0,0.632,2OE6_B
173,1Z7F_B,False,0,2.0,0.632,2OE6_B
174,1Z7F_C,False,0,2.0,0.632,2OE6_B
175,1ZEV_A,False,0,1.0,1.0,3GM7_G
176,1ZEV_B,False,0,1.0,1.0,3GM7_G
177,1ZFT_C,False,0,0.0,0.556,1T0E_A
178,1ZFT_D,False,0,0.0,0.5710000000000001,5CNR_A
179,1ZFV_A,False,0,3.0,0.643,1X9K_A
180,1ZFV_B,False,0,3.0,0.5710000000000001,2R22_A
181,1ZFV_C,False,0,0.0,0.556,1T0E_A
182,1ZFV_D,False,0,0.0,0.5710000000000001,5CNR_A
183,1ZFX_A,False,0,3.0,0.643,1X9K_A
184,1ZFX_B,False,0,3.0,0.667,4JRT_A
185,1ZFX_C,False,0,0.0,0.556,1T0E_A
186,1ZFX_D,False,0,0.0,0.5710000000000001,5CNR_A
187,1ZX7_A,False,0,1.0,0.688,3TZR_B
188,1ZX7_B,False,0,0.0,0.6,3IGI_B
189,1ZX7_C,False,0,1.0,0.688,3TZR_B
190,1ZX7_D,False,0,0.0,0.6,3IGI_B
191,1ZX7_E,False,0,1.0,0.688,3TZR_B
192,1ZX7_F,False,0,0.0,0.6,3IGI_B
193,1ZX7_G,False,0,1.0,0.688,3TZR_B
194,1ZX7_H,False,0,0.0,0.6,3IGI_B
195,1ZZ5_A,False,0,1.0,0.688,3TZR_B
196,1ZZ5_B,False,0,0.0,0.6,3IGI_B
197,1ZZ5_C,False,0,1.0,0.688,3TZR_B
198,1ZZ5_D,False,0,0.0,0.6,3IGI_B
199,205D_A,False,0,1.0,0.583,438D_B
200,205D_B,False,0,1.0,0.583,438D_B
201,255D_A,False,0,1.0,0.643,413D_A
202,259D_A,False,0,3.0,1.0,1RXB_A
203,259D_B,False,0,3.0,1.0,1RXB_A
204,280D_A,False,0,3.0,0.615,1YKQ_A
205,280D_B,False,0,3.0,0.615,1YKQ_A
206,280D_C,False,0,3.0,0.615,1YKQ_A
207,280D_D,False,0,3.0,0.615,1YKQ_A
208,283D_A,False,0,2.0,0.667,3NJ6_A
209,299D_A,False,0,3.0,0.6,2D2K_D
210,299D_B,False,0,1.0,0.615,4PHY_B
211,2A04_A,False,0,1.0,0.688,3TZR_B
212,2A04_B,False,0,0.0,0.6,3IGI_B
213,2A04_C,False,0,1.0,0.688,3TZR_B
214,2A04_D,False,0,0.0,0.6,3IGI_B
215,2A43_A,False,0,1.0,0.5,1X9C_C
216,2A64_A,False,0,1.0,0.445,4FAQ_A
217,2B57_A,False,0,1.0,0.613,3LA5_A
218,2B8R_A,False,0,0.0,0.586,4GPW_A
219,2B8R_B,False,0,0.0,0.586,4GPW_A
220,2B8S_A,False,0,0.0,0.517,1LC4_A
221,2B8S_B,False,0,0.0,0.517,1LC4_A
222,2BCY_A,False,0,3.0,0.643,1X9K_A
223,2BCY_C,False,0,0.0,0.556,1T0E_A
224,2BCY_D,False,0,0.0,0.5710000000000001,5CNR_A
225,2BCZ_C,False,0,0.0,0.556,1T0E_A
226,2BCZ_D,False,0,0.0,0.5710000000000001,5CNR_A
227,2BE0_A,False,0,4.0,0.542,1NTA_B
228,2BE0_B,False,0,4.0,0.542,1NTA_B
229,2BEE_A,False,0,4.0,0.542,1NTA_B
230,2BEE_B,False,0,4.0,0.542,1NTA_B
231,2CKY_A,False,0,3.0,0.682,2HOK_A
232,2CKY_B,False,0,3.0,0.682,2HOK_A
233,2D2K_B,False,0,3.0,0.615,354D_A
234,2D2K_C,False,0,0.0,0.556,1T0E_A
235,2D2K_D,False,0,0.0,0.6,1MME_A
236,2D2L_B,False,0,3.0,0.615,354D_A
237,2D2L_C,False,0,0.0,0.556,1T0E_A
238,2EES_A,False,0,1.0,0.618,3LA5_A
239,2EET_A,False,0,1.0,0.618,3LA5_A
240,2EEU_A,False,0,1.0,0.583,4TZX_X
241,2EEV_A,False,0,1.0,0.583,4TZX_X
242,2EEW_A,False,0,1.0,0.6579999999999999,3LA5_A
243,2ESI_A,False,0,4.0,0.542,4J50_A
244,2ESI_B,False,0,4.0,0.542,4J50_A
245,2ESJ_A,False,0,4.0,0.542,1NTA_B
246,2ESJ_B,False,0,4.0,0.542,1NTA_B
247,2ET3_A,False,0,4.0,0.542,1NTA_B
248,2ET3_B,False,0,4.0,0.542,1NTA_B
249,2ET4_A,False,0,4.0,0.542,1NTA_B
250,2ET4_B,False,0,4.0,0.542,1NTA_B
251,2ET5_A,False,0,4.0,0.542,1NTA_B
252,2ET5_B,False,0,4.0,0.542,1NTA_B
253,2ET8_A,False,0,4.0,0.542,1NTA_B
254,2ET8_B,False,0,4.0,0.542,1NTA_B
255,2F4S_A,False,0,4.0,0.565,1NTA_B
256,2F4S_B,False,0,4.0,0.565,1NTA_B
257,2F4T_A,False,0,4.0,0.565,1NTA_B
258,2F4T_B,False,0,4.0,0.542,4J50_A
259,2F4U_A,False,0,4.0,0.565,1NTA_B
260,2F4U_B,False,0,4.0,0.565,1NTA_B
261,2FGP_A,False,0,3.0,0.643,1X9K_A
262,2FGP_C,False,0,0.0,0.556,1T0E_A
263,2FGP_D,False,0,0.0,0.5710000000000001,5CNR_A
264,2FQN_A,False,0,4.0,0.594,6AZ4_A
265,2FQN_B,False,0,4.0,0.594,6AZ4_A
266,2G3S_A,False,0,3.0,0.875,1SA9_B
267,2G3S_B,False,0,3.0,0.875,1SA9_B
268,2G3S_C,False,0,3.0,0.875,1SA9_B
269,2G3S_D,False,0,3.0,0.875,1SA9_B
270,2G3S_E,False,0,3.0,0.875,1SA9_B
271,2G3S_F,False,0,3.0,0.875,1SA9_B
272,2G3S_G,False,0,3.0,0.875,1SA9_B
273,2G3S_H,False,0,3.0,0.875,1SA9_B
274,2G3S_I,False,0,3.0,0.875,1SA9_B
275,2G3S_J,False,0,3.0,0.875,1SA9_B
276,2G5K_A,False,0,4.0,0.594,6AZ4_A
277,2G5K_B,False,0,4.0,0.594,6AZ4_A
278,2G9C_A,False,0,1.0,0.632,3LA5_A
279,2GCV_A,False,0,0.0,0.5770000000000001,6U8F_A
280,2GIS_A,False,0,3.0,0.478,3A3A_A
281,2H0W_A,False,0,0.0,0.5770000000000001,6U8F_A
282,2HO6_A,False,0,0.0,0.556,6U8F_A
283,2HO7_A,False,0,0.0,0.556,6U8F_A
284,2HOK_A,False,0,4.0,0.682,2CKY_A
285,2HOL_A,False,0,4.0,0.682,2CKY_A
286,2HOM_A,False,0,4.0,0.682,2CKY_A
287,2HOO_A,False,0,4.0,0.682,2CKY_A
288,2HOP_A,False,0,4.0,0.682,2CKY_A
289,2IL9_A,False,0,2.0,0.473,1NBS_A
290,2IL9_M,False,0,2.0,0.473,1NBS_A
291,2NOK_A,False,0,2.0,0.541,5BJP_E
292,2NOK_B,False,0,4.0,0.5710000000000001,1T0E_A
293,2NOK_C,False,0,2.0,0.541,5BJP_E
294,2NOK_D,False,0,4.0,0.5710000000000001,1T0E_A
295,2NPY_B,False,0,3.0,0.615,354D_A
296,2NPY_C,False,0,0.0,0.556,1T0E_A
297,2NPY_D,False,0,0.0,0.5710000000000001,5CNR_A
298,2NPZ_A,False,0,3.0,0.643,1X9K_A
299,2NPZ_B,False,0,3.0,0.615,354D_A
300,2NPZ_C,False,0,0.0,0.556,1T0E_A
301,2NPZ_D,False,0,0.0,0.5710000000000001,5CNR_A
302,2O3V_A,False,0,4.0,0.594,6AZ4_A
303,2O3V_B,False,0,4.0,0.594,6AZ4_A
304,2O3W_A,False,0,4.0,0.594,6AZ4_A
305,2O3W_B,False,0,4.0,0.594,6AZ4_A
306,2O3X_A,False,0,4.0,0.542,4J50_A
307,2O3X_B,False,0,4.0,0.542,4J50_A
308,2O3Y_A,False,0,4.0,0.594,6AZ4_A
309,2O3Y_B,False,0,4.0,0.594,6AZ4_A
310,2O44_A,False,0,2.0,0.13699999999999998,1FG0_A
311,2OE5_A,False,0,0.0,0.625,433D_A
312,2OE5_B,False,0,4.0,0.588,283D_A
313,2OE6_A,False,0,0.0,0.565,488D_B
314,2OE6_B,False,0,4.0,0.647,3CGP_B
315,2OE8_A,False,0,0.0,0.565,488D_B
316,2OE8_B,False,0,4.0,0.647,3CGP_B
317,2OIJ_A,False,0,0.0,0.586,4GPW_A
318,2OIJ_B,False,0,0.0,0.586,4GPW_A
319,2OIU_P,False,0,0.0,0.532,3NPN_A
320,2OIU_Q,False,0,0.0,0.532,3NPN_A
321,2OIY_A,False,0,0.0,0.586,4GPW_A
322,2OIY_B,False,0,0.0,0.586,4GPW_A
323,2OJ0_A,False,0,0.0,0.586,4GPW_A
324,2OJ0_B,False,0,0.0,0.586,4GPW_A
325,2OUE_B,False,0,3.0,0.615,354D_A
326,2OUE_C,False,0,0.0,0.556,1T0E_A
327,2OUE_D,False,0,0.0,0.5710000000000001,5CNR_A
328,2P7F_B,False,0,3.0,0.615,354D_A
329,2P7F_C,False,0,0.0,0.556,1T0E_A
330,2P7F_D,False,0,0.0,0.5710000000000001,5CNR_A
331,2PN3_A,False,0,2.0,0.541,5BJP_E
332,2PN4_A,False,0,2.0,0.541,5BJP_E
333,2PN4_C,False,0,2.0,0.541,5BJP_E
334,2PWT_A,False,0,4.0,0.565,1NTA_B
335,2PWT_B,False,0,4.0,0.565,1NTA_B
336,2Q1R_A,False,0,0.0,0.6920000000000001,3CGP_B
337,X,False,0,2.0,0.5,4MEG_B
338,2QEK_A,False,0,0.0,0.556,5VCF_A
339,2QEK_B,False,0,0.0,0.556,5VCF_A
340,2QUW_B,False,0,3.0,0.516,5DH7_A
341,2QUW_D,False,0,3.0,0.516,5DH7_A
342,2QWY_A,False,0,2.0,0.49200000000000005,5DH7_A
343,2QWY_B,False,0,2.0,0.49200000000000005,5DH7_A
344,2QWY_C,False,0,2.0,0.49200000000000005,5DH7_A
345,2R22_A,False,0,0.0,0.5710000000000001,3CGP_B
346,2R22_B,False,0,0.0,0.5710000000000001,3CGP_B
347,2V6W_A,False,0,4.0,0.7140000000000001,4U34_B
348,2V6W_B,False,0,2.0,0.7140000000000001,434D_A
349,2V7R_A,False,0,4.0,0.625,3R1C_B
350,2V7R_B,False,0,0.0,0.625,4E59_A
351,2VAL_A,False,0,2.0,1.0,2VAL_B
352,2VAL_B,False,0,4.0,1.0,2VAL_A
353,2VAL_C,False,0,0.0,1.0,2VAL_D
354,2VAL_D,False,0,2.0,1.0,2VAL_C
355,2VUQ_A,False,0,4.0,0.7140000000000001,2W89_A
356,2VUQ_B,False,0,0.0,0.7140000000000001,2W89_B
357,2W89_A,False,0,1.0,1.0,2W89_C
358,2W89_B,False,0,2.0,1.0,2W89_D
359,2W89_C,False,0,4.0,1.0,2W89_A
360,2W89_D,False,0,0.0,1.0,2W89_B
361,2XNW_A,False,0,1.0,0.632,3LA5_A
362,2XNZ_A,False,0,1.0,0.632,3LA5_A
363,2XO0_A,False,0,1.0,0.632,3LA5_A
364,2XO1_A,False,0,1.0,0.639,4TZX_X
365,2XSL_A,False,0,1.0,1.0,2XSL_C
366,2XSL_B,False,0,2.0,1.0,2XSL_D
367,2XSL_C,False,0,4.0,1.0,2XSL_A
368,2XSL_D,False,0,0.0,1.0,2XSL_B
369,2YDH_A,False,0,3.0,0.45899999999999996,4FRN_A
370,2YGH_A,False,0,3.0,0.496,4FRN_A
371,2ZY6_A,False,0,1.0,0.47600000000000003,6E82_A
372,300D_A,False,0,3.0,0.6,2D2K_D
373,300D_B,False,0,1.0,0.615,4PHY_B
374,301D_A,False,0,3.0,0.6,2D2K_D
375,301D_B,False,0,1.0,0.615,4PHY_B
376,353D_A,False,0,2.0,0.5,1RXB_A
377,353D_B,False,0,4.0,0.615,1QCU_A
378,354D_A,False,0,0.0,0.615,1X9C_B
379,357D_B,False,0,0.0,0.632,1MHK_L
380,357D_C,False,0,1.0,0.515,1NLC_A
381,359D_A,False,0,3.0,0.6,2D2K_D
382,359D_B,False,0,1.0,0.615,4PHY_B
383,361D_A,False,0,2.0,0.591,3SJ2_A
384,361D_B,False,0,2.0,0.591,3SJ2_A
385,364D_B,False,0,0.0,0.632,1MHK_L
386,364D_C,False,0,1.0,0.515,1NLC_A
387,379D_A,False,0,3.0,0.6,2D2K_D
388,379D_B,False,0,1.0,0.615,4PHY_B
389,387D_A,False,0,4.0,0.5670000000000001,6Y0T_A
390,397D_A,False,0,4.0,0.625,3CGS_B
391,397D_B,False,0,1.0,0.6,413D_A
392,3A3A_A,False,0,2.0,0.519,6UFG_B
393,3B31_A,False,0,2.0,0.5329999999999999,7EAG_A
394,3B31_B,False,0,4.0,0.5329999999999999,1F27_B
395,3B4A_A,False,0,0.0,0.536,6U8F_A
396,3B4B_A,False,0,0.0,0.5770000000000001,6U8F_A
397,3B4B_B,False,0,0.0,0.48100000000000004,7JRT_A
398,3B4C_A,False,0,0.0,0.5770000000000001,6U8F_A
399,3B4C_B,False,0,0.0,0.478,7JRT_A
400,3B58_A,False,0,3.0,0.643,1X9K_A
401,3B58_C,False,0,0.0,0.579,5T3K_A
402,3B5A_C,False,0,0.0,0.579,5T3K_A
403,3B5F_A,False,0,3.0,0.643,1X9K_A
404,3B91_A,False,0,3.0,0.643,1X9K_A
405,3BBK_A,False,0,3.0,0.643,1X9K_A
406,3BBK_C,False,0,0.0,0.6,1MME_A
407,3BBM_C,False,0,0.0,0.6,1MME_A
408,3BNL_A,False,0,4.0,0.542,1NTA_B
409,3BNL_B,False,0,4.0,0.542,1NTA_B
410,3BNN_A,False,0,4.0,0.545,488D_B
411,3BNN_B,False,0,4.0,0.545,488D_B
412,3BNN_C,False,0,4.0,0.545,488D_B
413,3BNN_D,False,0,4.0,0.545,488D_B
414,3BNP_A,False,0,4.0,0.583,4PHY_B
415,3BNP_B,False,0,4.0,0.609,4PHY_B
416,A,False,0,2.0,0.722,6UFG_B
417,3C44_A,False,0,0.0,0.556,5VCF_A
418,3C44_B,False,0,0.0,0.556,5VCF_A
419,3CGP_B,False,0,1.0,0.6920000000000001,157D_A
420,3CGQ_B,False,0,1.0,0.6920000000000001,157D_A
421,3CGR_B,False,0,1.0,0.588,4P97_A
422,3CGS_B,False,0,1.0,0.6920000000000001,157D_A
423,3CZW_X,False,0,3.0,0.6,2D2K_D
424,3D0M_X,False,0,3.0,0.6,2D2K_D
425,3D0U_A,False,0,2.0,0.456,1U9S_A
426,3D0X_A,False,0,2.0,0.456,1U9S_A
427,3D2G_A,False,0,3.0,0.682,2HOK_A
428,3D2G_B,False,0,3.0,0.682,2HOK_A
429,3D2V_A,False,0,3.0,0.682,2HOK_A
430,3D2V_B,False,0,3.0,0.682,2HOK_A
431,3D2X_A,False,0,3.0,0.682,2HOK_A
432,3D2X_B,False,0,3.0,0.682,2HOK_A
433,3DIG_X,False,0,2.0,0.45399999999999996,7JRT_A
434,3DIL_A,False,0,2.0,0.45399999999999996,7JRT_A
435,3DIM_A,False,0,2.0,0.45399999999999996,7JRT_A
436,3DIO_X,False,0,2.0,0.45399999999999996,7JRT_A
437,3DIQ_A,False,0,2.0,0.45399999999999996,7JRT_A
438,3DIS_A,False,0,2.0,0.45399999999999996,7JRT_A
439,3DIX_A,False,0,2.0,0.45399999999999996,7JRT_A
440,3DIZ_A,False,0,2.0,0.45399999999999996,7JRT_A
441,3DJ0_A,False,0,2.0,0.45399999999999996,7JRT_A
442,3DJ2_A,False,0,2.0,0.45399999999999996,7JRT_A
443,3DS7_A,False,0,1.0,0.542,4TZX_X
444,3DS7_B,False,0,1.0,0.542,4TZX_X
445,3DVZ_A,False,0,2.0,0.633,1Q93_A
446,3EOG_A,False,0,2.0,0.44,2A64_A
447,3EOG_B,False,0,3.0,1.0,3EOH_B
448,3EOH_A,False,0,2.0,0.44,2A64_A
449,3EOH_B,False,0,4.0,1.0,3EOG_B
450,3F4E_X,False,0,2.0,0.5,2OIU_P
451,3F4E_Y,False,0,2.0,0.46,5EAO_A
452,3F4G_X,False,0,2.0,0.5,2OIU_P
453,3F4G_Y,False,0,2.0,0.46,5EAO_A
454,3F4H_X,False,0,2.0,0.5,2OIU_P
455,3F4H_Y,False,0,2.0,0.46,5EAO_A
456,3FAR_A,False,0,0.0,0.586,4GPW_A
457,3FAR_B,False,0,0.0,0.586,4GPW_A
458,3FO4_A,False,0,1.0,0.63,4TZX_X
459,3FO6_A,False,0,1.0,0.636,3LA5_A
460,3FS0_A,False,0,0.0,0.818,3FTM_A
461,3FS0_B,False,0,1.0,0.615,1MHK_S
462,3FTM_A,False,0,3.0,0.818,3FS0_A
463,3FTM_B,False,0,1.0,0.643,1DUQ_B
464,3FTM_C,False,0,3.0,0.818,3FS0_A
465,3FTM_D,False,0,1.0,0.643,1DUQ_B
466,3FU2_A,False,0,4.0,0.579,3GCA_A
467,3FU2_B,False,0,4.0,0.579,3GCA_A
468,3FU2_C,False,0,4.0,0.579,3GCA_A
469,3G4M_A,False,0,1.0,0.645,3LA5_A
470,3G78_A,False,0,2.0,0.44,2A64_A
471,3G78_Z,False,0,0.0,0.556,3EOG_B
472,3GAO_A,False,0,1.0,0.645,3LA5_A
473,3GCA_A,False,0,0.0,0.579,3K1V_A
474,3GER_A,False,0,1.0,0.645,3LA5_A
475,3GES_A,False,0,1.0,0.632,3LA5_A
476,3GLP_A,False,0,3.0,1.0,3GLP_B
477,3GLP_B,False,0,1.0,1.0,3GLP_A
478,3GLP_C,False,0,3.0,1.0,3GLP_B
479,3GLP_D,False,0,1.0,1.0,3GLP_A
480,3GLP_E,False,0,3.0,1.0,3GLP_B
481,3GM7_G,False,0,4.0,1.0,1ZEV_A
482,3GM7_H,False,0,1.0,1.0,3GM7_G
483,3GOG_A,False,0,1.0,0.618,3LA5_A
484,3GOT_A,False,0,1.0,0.632,3LA5_A
485,3GS1_A,False,0,3.0,0.5329999999999999,3CGR_B
486,3GS1_B,False,0,3.0,0.615,354D_A
487,3GS1_C,False,0,0.0,0.556,1T0E_A
488,3GS1_D,False,0,0.0,0.5710000000000001,5CNR_A
489,3GS5_A,False,0,3.0,0.536,3BNL_A
490,3GS5_C,False,0,0.0,0.512,5BJP_E
491,3GS8_A,False,0,3.0,0.5329999999999999,3CGR_B
492,3GS8_B,False,0,3.0,0.615,354D_A
493,3GS8_C,False,0,0.0,0.556,1T0E_A
494,3GS8_D,False,0,0.0,0.5710000000000001,5CNR_A
495,3GVN_A,False,0,3.0,0.7140000000000001,2V6W_A
496,3GVN_B,False,0,4.0,0.7140000000000001,2V6W_B
497,3GX2_A,False,0,3.0,0.508,4FRN_A
498,3GX3_A,False,0,3.0,0.508,4FRN_A
499,3GX5_A,False,0,3.0,0.508,4FRN_A
500,3GX6_A,False,0,3.0,0.508,4FRN_A
501,3GX7_A,False,0,3.0,0.5,4FRN_A
502,3IGI_A,False,0,2.0,0.44,2A64_A
503,3IGI_B,False,0,2.0,0.6,1ZX7_B
504,3IQN_A,False,0,3.0,0.48200000000000004,3A3A_A
505,3IQP_A,False,0,3.0,0.46,3A3A_A
506,3IQR_A,False,0,3.0,0.46,3A3A_A
507,3K1V_A,False,0,4.0,0.579,3GCA_A
508,3LA5_A,False,0,2.0,0.6579999999999999,2EEW_A
509,3MIJ_A,False,0,1.0,0.5379999999999999,3FS0_A
510,3MJ3_B,False,0,2.0,0.5329999999999999,7EAG_A
511,3MJ3_C,False,0,4.0,0.5329999999999999,1F27_B
512,3MJA_B,False,0,2.0,0.5329999999999999,7EAG_A
513,3MJA_C,False,0,4.0,0.5329999999999999,1F27_B
514,3MJB_A,False,0,2.0,0.5329999999999999,7EAG_A
515,3MJB_B,False,0,4.0,0.5329999999999999,1F27_B
516,3ND3_A,False,0,3.0,0.812,3ND4_A
517,3ND4_A,False,0,4.0,0.812,3ND3_A
518,3NJ6_A,False,0,0.0,1.0,3NJ7_A
519,3NJ7_A,False,0,1.0,1.0,3NJ6_A
520,3NJ7_B,False,0,3.0,1.0,3NJ6_A
521,3NJ7_C,False,0,4.0,1.0,3NJ6_A
522,3NJ7_D,False,0,0.0,1.0,3NJ7_A
523,3NJ7_E,False,0,1.0,1.0,3NJ6_A
524,3NJ7_F,False,0,3.0,1.0,3NJ6_A
525,3NPN_A,False,0,4.0,0.532,2OIU_P
526,3NPQ_A,False,0,4.0,0.5,A
527,3NPQ_B,False,0,4.0,0.5,A
528,3NPQ_C,False,0,4.0,0.5,A
529,B,False,0,2.0,0.467,4FRN_A
530,3P22_B,False,0,0.0,1.0,3P22_D
531,3P22_D,False,0,1.0,1.0,3P22_B
532,3P22_F,False,0,3.0,1.0,3P22_B
533,3P22_H,False,0,0.0,1.0,3P22_D
534,3P59_B,False,0,1.0,1.0,3P59_F
535,3P59_D,False,0,3.0,1.0,3P59_F
536,3P59_F,False,0,0.0,1.0,3P59_B
537,3P59_H,False,0,1.0,1.0,3P59_F
538,3Q50_A,False,0,0.0,0.579,3K1V_A
539,3Q51_A,False,0,0.0,0.579,3K1V_A
540,3R1C_A,False,0,3.0,1.0,3R1C_B
541,3R1C_B,False,0,0.0,1.0,3R1C_C
542,3R1C_C,False,0,1.0,1.0,3R1C_B
543,3R1C_D,False,0,3.0,1.0,3R1C_B
544,3R1C_E,False,0,4.0,1.0,3R1C_B
545,3R1C_F,False,0,0.0,1.0,3R1C_C
546,3R1C_G,False,0,1.0,1.0,3R1C_B
547,3R1C_H,False,0,2.0,1.0,3R1C_B
548,3R1C_I,False,0,3.0,1.0,3R1C_B
549,3R1C_J,False,0,4.0,1.0,3R1C_B
550,3R1C_K,False,0,0.0,1.0,3R1C_C
551,3R1C_L,False,0,1.0,1.0,3R1C_B
552,3R1C_M,False,0,2.0,1.0,3R1C_B
553,3R1C_N,False,0,3.0,1.0,3R1C_B
554,3R1C_O,False,0,4.0,1.0,3R1C_B
555,3R1C_P,False,0,0.0,1.0,3R1C_C
556,3R1C_Q,False,0,1.0,1.0,3R1C_B
557,3R1C_R,False,0,2.0,1.0,3R1C_B
558,3R1C_S,False,0,3.0,1.0,3R1C_B
559,3R1C_T,False,0,4.0,1.0,3R1C_B
560,3R1C_U,False,0,0.0,1.0,3R1C_C
561,3R1C_V,False,0,1.0,1.0,3R1C_B
562,3R1C_W,False,0,2.0,1.0,3R1C_B
563,3R1C_X,False,0,3.0,1.0,3R1C_B
564,3R1C_Y,False,0,4.0,1.0,3R1C_B
565,3R1C_Z,False,0,0.0,1.0,3R1C_C
566,3R1C_a,False,0,1.0,1.0,3R1C_B
567,3R1C_b,False,0,2.0,1.0,3R1C_B
568,3R1C_c,False,0,3.0,1.0,3R1C_B
569,3R1C_d,False,0,4.0,1.0,3R1C_B
570,3R1C_e,False,0,0.0,1.0,3R1C_C
571,3R1C_f,False,0,1.0,1.0,3R1C_B
572,3R1C_g,False,0,2.0,1.0,3R1C_B
573,3R1C_h,False,0,3.0,1.0,3R1C_B
574,3R1C_i,False,0,4.0,1.0,3R1C_B
575,3R1C_j,False,0,0.0,1.0,3R1C_C
576,3R4F_A,False,0,1.0,0.47700000000000004,3LA5_A
577,3RKF_A,False,0,1.0,0.605,1Y26_X
578,3RKF_B,False,0,1.0,0.605,1Y26_X
579,3RKF_C,False,0,1.0,0.605,1Y26_X
580,3RKF_D,False,0,1.0,0.605,1Y26_X
581,3S4P_A,False,0,4.0,0.565,1NTA_B
582,3S4P_B,False,0,4.0,0.565,1NTA_B
583,3SD3_A,False,0,2.0,0.474,3FO4_A
584,3SJ2_A,False,0,3.0,0.6,6JJH_B
585,3SJ2_B,False,0,3.0,0.667,6JJH_B
586,3SKI_B,False,0,4.0,0.556,2EEW_A
587,3SUH_X,False,0,2.0,0.48100000000000004,4FEO_B
588,3SUX_X,False,0,2.0,0.48100000000000004,4FEO_B
589,3SUY_X,False,0,2.0,0.48100000000000004,4FEO_B
590,3SYW_A,False,0,3.0,0.55,2OE6_A
591,3SYW_B,False,0,3.0,0.55,2OE6_A
592,3SZX_A,False,0,3.0,0.55,2OE6_A
593,3SZX_B,False,0,3.0,0.55,2OE6_A
594,3TZR_A,False,0,2.0,0.609,6E7L_A
595,3TZR_B,False,0,4.0,0.722,1T0E_A
596,3VRS_A,False,0,0.0,0.507,5OB3_A
597,3WRU_A,False,0,4.0,0.565,4J50_A
598,3WRU_B,False,0,4.0,0.565,4J50_A
599,402D_A,False,0,4.0,1.0,402D_B
600,402D_B,False,0,1.0,1.0,402D_A
601,405D_A,False,0,2.0,0.632,2OE6_B
602,405D_B,False,0,2.0,0.632,2OE6_B
603,413D_A,False,0,4.0,0.643,255D_A
604,420D_A,False,0,2.0,0.684,5C5W_A
605,420D_B,False,0,2.0,0.684,5C5W_A
606,422D_A,False,0,1.0,0.615,1SDR_B
607,422D_B,False,0,1.0,0.615,1SDR_B
608,429D_A,False,0,1.0,0.615,1SA9_B
609,429D_B,False,0,3.0,0.636,2XSL_A
610,429D_C,False,0,1.0,0.615,1SA9_B
611,429D_D,False,0,3.0,0.636,2XSL_A
612,433D_A,False,0,4.0,0.625,2OE5_A
613,433D_B,False,0,4.0,0.625,2OE5_A
614,434D_A,False,0,0.0,1.0,434D_C
615,434D_B,False,0,0.0,1.0,435D_B
616,434D_C,False,0,1.0,1.0,434D_A
617,434D_D,False,0,4.0,1.0,434D_B
618,435D_A,False,0,0.0,1.0,435D_C
619,435D_B,False,0,1.0,1.0,434D_B
620,435D_C,False,0,4.0,1.0,435D_A
621,435D_D,False,0,0.0,1.0,435D_B
622,438D_A,False,0,1.0,1.0,438D_B
623,438D_B,False,0,4.0,1.0,438D_A
624,439D_A,False,0,0.0,0.7,1DQF_B
625,439D_B,False,0,1.0,0.556,1RXB_A
626,462D_A,False,0,0.0,0.517,1LC4_A
627,462D_B,False,0,0.0,0.517,1LC4_A
628,464D_A,False,0,4.0,1.0,434D_A
629,464D_C,False,0,0.0,1.0,434D_C
630,466D_A,False,0,1.0,1.0,434D_A
631,466D_B,False,0,2.0,1.0,434D_B
632,466D_C,False,0,4.0,1.0,434D_A
633,466D_D,False,0,0.0,1.0,435D_B
634,472D_A,False,0,1.0,0.875,4JAB_B
635,472D_B,False,0,2.0,0.625,435D_A
636,480D_A,False,0,2.0,0.633,1Q93_A
637,483D_A,False,0,2.0,0.633,1Q93_A
638,488D_A,False,0,3.0,0.6,2D2K_D
639,488D_B,False,0,1.0,0.583,4PHY_B
640,488D_C,False,0,3.0,0.6,6UFJ_F
641,488D_D,False,0,1.0,0.615,4PHY_B
642,4AOB_A,False,0,3.0,0.5,3SKI_B
643,4B5R_A,False,0,3.0,0.491,4FRN_A
644,4C40_A,False,0,4.0,0.619,7EAG_A
645,4CS1_A,False,0,4.0,0.619,7EAG_A
646,4E48_A,False,0,0.0,1.0,4E48_B
647,4E48_B,False,0,1.0,1.0,4E48_A
648,4E48_D,False,0,2.0,1.0,4E48_A
649,4E59_A,False,0,3.0,1.0,4E59_B
650,4E59_B,False,0,0.0,1.0,4E59_A
651,4E5C_A,False,0,1.0,1.0,4E5C_B
652,4E5C_B,False,0,2.0,1.0,4E5C_A
653,4E6B_A,False,0,3.0,1.0,4E6B_B
654,4E6B_B,False,0,0.0,1.0,4E6B_A
655,4E6B_E,False,0,1.0,1.0,4E6B_F
656,4E6B_F,False,0,2.0,1.0,4E6B_E
657,4E8K_A,False,0,2.0,0.435,2A64_A
658,4E8K_B,False,0,3.0,0.8,4E8T_B
659,4E8M_A,False,0,2.0,0.439,2A64_A
660,4E8N_A,False,0,2.0,0.435,2A64_A
661,4E8P_A,False,0,2.0,0.435,2A64_A
662,4E8Q_A,False,0,2.0,0.435,2A64_A
663,4E8R_A,False,0,2.0,0.435,2A64_A
664,4E8T_A,False,0,2.0,0.435,2A64_A
665,4E8T_B,False,0,0.0,1.0,4FAW_B
666,4EN5_A,False,0,0.0,0.507,5OB3_A
667,4ENC_A,False,0,0.0,0.507,5OB3_A
668,4ERJ_A,False,0,2.0,0.456,1U9S_A
669,4ERL_A,False,0,2.0,0.456,1U9S_A
670,4F8U_A,False,0,4.0,0.542,1NTA_B
671,4F8U_B,False,0,4.0,0.565,1NTA_B
672,4F8V_A,False,0,4.0,0.565,1NTA_B
673,4F8V_B,False,0,4.0,0.565,1NTA_B
674,4FAQ_A,False,0,2.0,0.445,2A64_A
675,4FAR_A,False,0,2.0,0.43700000000000006,2A64_A
676,4FAR_B,False,0,1.0,1.0,6T3K_B
677,4FAU_A,False,0,2.0,0.439,2A64_A
678,4FAW_A,False,0,2.0,0.439,2A64_A
679,4FAW_B,False,0,2.0,1.0,4E8T_B
680,4FAX_A,False,0,2.0,0.43200000000000005,2A64_A
681,4FB0_A,False,0,2.0,0.435,2A64_A
682,4FE5_B,False,0,1.0,0.645,3LA5_A
683,4FEJ_B,False,0,1.0,0.632,3LA5_A
684,4FEL_B,False,0,1.0,0.645,3LA5_A
685,4FEN_B,False,0,1.0,0.64,3LA5_A
686,4FEO_B,False,0,1.0,0.632,3LA5_A
687,4FEP_B,False,0,1.0,0.644,4TZX_X
688,4FNJ_A,False,0,3.0,0.675,6AZ4_A
689,4FRG_B,False,0,0.0,0.5589999999999999,6UFM_A
690,4FRG_X,False,0,0.0,0.5589999999999999,6UFM_A
691,4FRN_A,False,0,0.0,0.512,6CC1_A
692,4FRN_B,False,0,0.0,0.512,6CC1_A
693,4G6R_C,False,0,0.0,0.556,1T0E_A
694,4G6R_D,False,0,0.0,0.5710000000000001,5CNR_A
695,4GPW_A,False,0,4.0,0.586,1XPE_A
696,4GPW_B,False,0,4.0,0.586,1XPE_A
697,4GPX_A,False,0,4.0,0.586,1XPE_A
698,4GPX_B,False,0,4.0,0.586,1XPE_A
699,4GPY_A,False,0,4.0,0.565,4J50_A
700,4GPY_B,False,0,4.0,0.565,4J50_A
701,4J50_A,False,0,3.0,0.565,3WRU_A
702,4J50_B,False,0,3.0,0.565,3WRU_A
703,4JAB_A,False,0,1.0,1.0,4JAB_B
704,4JAB_B,False,0,2.0,1.0,4JAB_A
705,4JIY_A,False,0,1.0,0.75,4U3O_A
706,4JRD_A,False,0,2.0,1.0,4JRD_B
707,4JRD_B,False,0,4.0,1.0,4JRD_A
708,4JRT_A,False,0,1.0,0.667,1ZFX_B
709,4JRT_B,False,0,2.0,0.667,3P59_F
710,4K27_U,False,0,4.0,0.579,4FNJ_A
711,4K31_B,False,0,4.0,0.565,2R22_A
712,4K31_C,False,0,4.0,0.565,2R22_A
713,4K32_A,False,0,4.0,0.565,2R22_A
714,4K32_B,False,0,4.0,0.565,2R22_A
715,4KYY_A,False,0,1.0,0.529,1ZFX_B
716,4KYY_B,False,0,1.0,0.529,1ZFX_B
717,4KZ2_A,False,0,2.0,0.609,357D_B
718,4KZ2_B,False,0,1.0,0.45,3IGI_B
719,4KZ2_C,False,0,4.0,0.562,397D_B
720,4L81_A,False,0,0.0,0.49200000000000005,6DLR_A
721,4LVV_A,False,0,2.0,0.47600000000000003,6PMO_B
722,4LVW_A,False,0,2.0,0.47600000000000003,6PMO_B
723,4LVX_A,False,0,2.0,0.47600000000000003,6PMO_B
724,4LVY_A,False,0,2.0,0.47600000000000003,6PMO_B
725,4LVZ_A,False,0,2.0,0.47600000000000003,6PMO_B
726,4LW0_A,False,0,2.0,0.47600000000000003,6PMO_B
727,4MCE_A,False,0,2.0,1.0,4MCF_C
728,4MCE_B,False,0,4.0,0.583,6HU6_B
729,4MCE_C,False,0,1.0,1.0,4MCF_C
730,4MCE_D,False,0,4.0,0.583,6HU6_B
731,4MCF_A,False,0,2.0,1.0,4MCF_C
732,4MCF_B,False,0,4.0,0.583,6HU6_B
733,4MCF_C,False,0,0.0,1.0,4MCE_C
734,4MCF_D,False,0,4.0,0.583,6HU6_B
735,4MCF_E,False,0,1.0,1.0,4MCF_C
736,4MCF_F,False,0,4.0,0.583,6HU6_B
737,4MCF_G,False,0,2.0,1.0,4MCF_C
738,4MCF_H,False,0,4.0,0.583,6HU6_B
739,4MEG_B,False,0,0.0,0.5,X
740,4MEH_B,False,0,0.0,0.5,X
741,4MGM_A,False,0,0.0,0.722,6JXM_B
742,4MGM_B,False,0,0.0,0.722,6JXM_B
743,4MS9_A,False,0,1.0,1.0,4MSB_F
744,4MSB_A,False,0,2.0,1.0,4MSB_F
745,4MSB_B,False,0,1.0,1.0,4MSB_F
746,4MSB_C,False,0,2.0,1.0,4MSB_F
747,4MSB_D,False,0,1.0,1.0,4MSB_F
748,4MSB_E,False,0,2.0,1.0,4MSB_F
749,4MSB_F,False,0,0.0,1.0,4MS9_A
750,4MSR_A,False,0,1.0,1.0,4MSB_F
751,4MSR_B,False,0,2.0,1.0,4MSB_F
752,4NFO_A,False,0,2.0,0.688,7LNE_A
753,4NFO_B,False,0,2.0,0.688,7LNE_A
754,4NFO_C,False,0,2.0,0.688,7LNE_A
755,4OQU_A,False,0,0.0,0.488,6DLR_A
756,4P20_A,False,0,4.0,0.542,4J50_A
757,4P20_B,False,0,4.0,0.542,4J50_A
758,4P43_A,False,0,4.0,0.565,3SJ2_A
759,4P43_B,False,0,4.0,0.565,3SJ2_A
760,4P95_A,False,0,3.0,0.419,5V3I_A
761,4P97_A,False,0,4.0,0.588,3CGP_B
762,4P97_B,False,0,0.0,0.625,5KVJ_B
763,4P97_C,False,0,4.0,0.588,3CGP_B
764,4P97_D,False,0,0.0,0.625,5KVJ_B
765,4P9R_A,False,0,3.0,0.419,5V3I_A
766,4PCO_A,False,0,1.0,1.0,4PCO_E
767,4PCO_B,False,0,2.0,1.0,4PCO_E
768,4PCO_C,False,0,1.0,1.0,4PCO_E
769,4PCO_D,False,0,2.0,1.0,4PCO_E
770,4PCO_E,False,0,0.0,1.0,4PCO_A
771,4PDQ_A,False,0,4.0,0.565,4J50_A
772,4PDQ_B,False,0,4.0,0.565,4J50_A
773,4PHY_A,False,0,1.0,0.5379999999999999,4P97_A
774,4PHY_B,False,0,2.0,0.64,1NYI_B
775,4QJD_A,False,0,0.0,0.5,6JBG_A
776,4QJD_C,False,0,0.0,0.5,6JBG_A
777,4QJD_E,False,0,0.0,0.5,6JBG_A
778,4QJD_G,False,0,0.0,0.5,6JBG_A
779,4QLM_A,False,0,1.0,0.46299999999999997,6OL3_C
780,4QLN_A,False,0,1.0,0.46299999999999997,6OL3_C
781,4RBQ_A,False,0,2.0,0.5,3ND3_A
782,4RJ1_A,False,0,4.0,1.0,1J8G_A
783,4RJ1_B,False,0,3.0,1.0,1J8G_A
784,4RKV_A,False,0,4.0,1.0,1J8G_A
785,4RKV_B,False,0,1.0,1.0,1J8G_A
786,4RNE_A,False,0,2.0,1.0,1J8G_A
787,4RNE_B,False,0,3.0,1.0,1J8G_A
788,4RNE_C,False,0,4.0,1.0,1J8G_A
789,4RNE_D,False,0,1.0,1.0,1J8G_A
790,4RNE_E,False,0,2.0,1.0,1J8G_A
791,4RNE_F,False,0,3.0,1.0,1J8G_A
792,4RNE_G,False,0,4.0,1.0,1J8G_A
793,4RNE_H,False,0,0.0,1.0,1J8G_C
794,4TZX_X,False,0,2.0,0.644,4FEP_B
795,4TZY_X,False,0,2.0,0.644,4FEP_B
796,4U34_B,False,0,1.0,1.0,4U37_B
797,4U35_B,False,0,2.0,1.0,4U38_F
798,4U37_A,False,0,3.0,1.0,434D_A
799,4U37_B,False,0,4.0,1.0,4U34_B
800,4U38_A,False,0,0.0,1.0,434D_C
801,4U38_B,False,0,1.0,1.0,4U38_F
802,4U38_C,False,0,2.0,1.0,434D_A
803,4U38_D,False,0,3.0,1.0,4U38_F
804,4U38_E,False,0,4.0,1.0,434D_A
805,4U38_F,False,0,0.0,1.0,4U38_B
806,4U38_G,False,0,1.0,1.0,434D_A
807,4U38_H,False,0,2.0,1.0,4U38_F
808,4U3L_A,False,0,3.0,1.0,4U3O_A
809,4U3L_B,False,0,4.0,1.0,4U3O_A
810,4U3O_A,False,0,0.0,1.0,4U3O_B
811,4U3O_B,False,0,1.0,1.0,4U3O_A
812,4U3P_A,False,0,2.0,1.0,4U3O_A
813,4U3P_B,False,0,3.0,1.0,4U3O_A
814,4U3R_A,False,0,4.0,1.0,4U3O_A
815,4U3R_B,False,0,0.0,1.0,4U3O_B
816,4U47_A,False,0,1.0,1.0,4U3O_A
817,4U47_B,False,0,2.0,1.0,4U3O_A
818,4U78_A,False,0,3.0,1.0,4U3O_A
819,4U78_B,False,0,4.0,1.0,4U3O_A
820,4XK0_A,False,0,0.0,1.0,1J8G_C
821,4XK0_C,False,0,1.0,1.0,1J8G_A
822,4XNR_X,False,0,2.0,0.644,4FEP_B
823,4XW7_A,False,0,2.0,0.649,4ZNP_A
824,4XWF_A,False,0,2.0,0.649,4ZNP_A
825,4Y1I_A,False,0,3.0,0.54,4Y1M_A
826,4Y1I_B,False,0,3.0,0.54,4Y1M_A
827,4Y1J_A,False,0,3.0,0.5,4FRN_A
828,4Y1J_B,False,0,3.0,0.5,4FRN_A
829,4Y1M_A,False,0,4.0,0.5529999999999999,6CB3_A
830,4Y1M_B,False,0,4.0,0.5529999999999999,6CB3_A
831,4YB0_A,False,0,0.0,0.484,3DS7_A
832,4YB0_R,False,0,0.0,0.484,3DS7_A
833,4YN6_A,False,0,3.0,0.565,3WRU_A
834,4YN6_B,False,0,3.0,0.565,3WRU_A
835,4ZC7_A,False,0,4.0,0.47700000000000004,3A3A_A
836,4ZC7_B,False,0,4.0,0.47700000000000004,3A3A_A
837,4ZC7_C,False,0,4.0,0.47700000000000004,3A3A_A
838,4ZC7_D,False,0,4.0,0.47700000000000004,3A3A_A
839,4ZNP_A,False,0,1.0,0.649,4XW7_A
840,4ZNP_B,False,0,1.0,0.649,4XW7_A
841,5BJP_E,False,0,3.0,0.5479999999999999,1YKQ_B
842,5BJP_Y,False,0,3.0,0.5479999999999999,1YKQ_B
843,5BTM_A,False,0,2.0,0.552,5M0H_A
844,5BTM_B,False,0,2.0,0.552,5M0H_A
845,5BTP_A,False,0,2.0,0.624,4ZNP_A
846,5BTP_B,False,0,2.0,0.624,4ZNP_A
847,5C45_X,False,0,2.0,0.5,2OIU_P
848,5C45_Y,False,0,2.0,0.46,5EAO_A
849,5C5W_A,False,0,4.0,0.684,420D_A
850,5C7U_B,False,0,1.0,0.645,3LA5_A
851,5CNR_A,False,0,4.0,0.5710000000000001,1X9C_D
852,5CNR_B,False,0,0.0,0.667,1DQF_B
853,5CNR_E,False,0,4.0,0.5710000000000001,1X9C_D
854,5CNR_F,False,0,0.0,0.667,1DQF_B
855,5DA6_A,False,0,2.0,0.5,3ND3_A
856,5DH7_A,False,0,1.0,0.516,2QUW_B
857,5E54_A,False,0,2.0,0.644,4FEP_B
858,5E54_B,False,0,2.0,0.644,4FEP_B
859,5EAO_A,False,0,1.0,0.526,6D3P_A
860,5EAQ_A,False,0,1.0,0.526,6D3P_A
861,5EW4_A,False,0,4.0,1.0,5EW7_B
862,5EW4_B,False,0,2.0,1.0,5EW7_B
863,5EW7_A,False,0,4.0,1.0,5EW7_B
864,5EW7_B,False,0,0.0,1.0,5EW4_B
865,5FJ0_A,False,0,4.0,0.619,7EAG_A
866,5FJ0_B,False,0,4.0,0.619,7EAG_A
867,5FJ0_C,False,0,4.0,0.619,7EAG_A
868,5FJ1_A,False,0,2.0,0.556,4GPW_A
869,5FJ1_B,False,0,2.0,0.556,4GPW_A
870,5FJ1_C,False,0,2.0,0.556,4GPW_A
871,5FJ1_D,False,0,2.0,0.556,4GPW_A
872,5FJ1_E,False,0,2.0,0.556,4GPW_A
873,5FJ1_F,False,0,2.0,0.556,4GPW_A
874,5FJ1_G,False,0,2.0,0.556,4GPW_A
875,5FJ1_H,False,0,2.0,0.556,4GPW_A
876,5FK1_A,False,0,3.0,0.5,4FRN_A
877,5FK2_A,False,0,3.0,0.491,4FRN_A
878,5FK3_A,False,0,3.0,0.48700000000000004,4FRN_A
879,5FK4_A,False,0,3.0,0.509,4FRN_A
880,5FK5_A,False,0,3.0,0.491,4FRN_A
881,5FK6_A,False,0,3.0,0.496,4FRN_A
882,5FKD_A,False,0,3.0,0.5,4FRN_A
883,5FKE_A,False,0,3.0,0.5,4FRN_A
884,5FKF_A,False,0,3.0,0.5,4FRN_A
885,5FKG_A,False,0,3.0,0.488,4FRN_A
886,5FKH_A,False,0,3.0,0.496,4FRN_A
887,5G4T_A,False,0,4.0,0.583,3FS0_A
888,5G4T_B,False,0,4.0,0.75,1SA9_B
889,5J01_A,False,0,2.0,0.43799999999999994,2A64_A
890,5J02_A,False,0,2.0,0.43799999999999994,2A64_A
891,5K8H_A,False,0,0.0,0.778,3P22_D
892,5KPY_A,False,0,1.0,0.5,6PMO_A
893,5KTJ_B,False,0,4.0,0.6,4JRT_B
894,5KTJ_D,False,0,4.0,0.6,4JRT_B
895,5KVJ_A,False,0,0.0,0.556,1MHK_L
896,5KVJ_B,False,0,1.0,0.625,4P97_B
897,Y,False,0,2.0,0.46,5EAO_A
898,5LYS_A,False,0,0.0,0.49200000000000005,5EAO_A
899,5LYS_B,False,0,0.0,0.49200000000000005,5EAO_A
900,5LYU_A,False,0,0.0,0.485,5EAO_A
901,5LYU_B,False,0,0.0,0.485,5EAO_A
902,5LYV_A,False,0,0.0,0.49200000000000005,5EAO_A
903,5LYV_B,False,0,0.0,0.49200000000000005,5EAO_A
904,5M0H_A,False,0,1.0,0.552,5BTM_A
905,5ML7_A,False,0,0.0,0.491,3A3A_A
906,5ML7_B,False,0,0.0,0.491,3A3A_A
907,5MWI_A,False,0,4.0,0.769,4E48_A
908,5NXT_U,False,0,1.0,0.542,4P43_A
909,5OB3_A,False,0,4.0,0.507,3VRS_A
910,5SWD_A,False,0,2.0,0.644,4FEP_B
911,5SWD_B,False,0,2.0,0.644,4FEP_B
912,5SWE_X,False,0,2.0,0.644,4FEP_B
913,5T3K_A,False,0,1.0,0.647,3TZR_B
914,5T3K_C,False,0,1.0,0.647,3TZR_B
915,5TDJ_A,False,0,1.0,1.0,4MSB_F
916,5TDJ_B,False,0,3.0,1.0,4MSB_F
917,5TDK_A,False,0,1.0,1.0,4MSB_F
918,5TDK_B,False,0,3.0,1.0,4MSB_F
919,5TKO_A,False,0,4.0,1.0,434D_A
920,5TKO_B,False,0,1.0,1.0,4U37_B
921,5TKO_C,False,0,3.0,1.0,434D_A
922,5TKO_D,False,0,4.0,1.0,4U34_B
923,5TPY_A,False,0,4.0,0.525,4XW7_A
924,5UEF_C,False,0,1.0,1.0,5UEF_D
925,5UEF_D,False,0,2.0,1.0,5UEF_C
926,5UNE_A,False,0,3.0,0.51,5M0H_A
927,5UNE_B,False,0,3.0,0.51,5M0H_A
928,5V0O_B,False,0,4.0,1.0,5V9Z_B
929,5V3F_A,False,0,0.0,0.7879999999999999,6C63_C
930,5V3F_B,False,0,0.0,0.7879999999999999,6C63_C
931,5V3I_A,False,0,1.0,0.457,1L8V_A
932,5V9Z_B,False,0,2.0,1.0,5V0O_B
933,5VCF_A,False,0,3.0,0.556,1XP7_A
934,5VCF_B,False,0,3.0,0.611,1ZEV_A
935,5VCI_A,False,0,3.0,0.556,1XP7_A
936,5VCI_B,False,0,3.0,0.611,1ZEV_A
937,5VGW_A,False,0,3.0,0.556,1XP7_A
938,5VGW_B,False,0,3.0,0.667,1ZEV_A
939,5VJ9_A,False,0,4.0,0.632,4E5C_A
940,5VJ9_B,False,0,4.0,0.632,4E5C_A
941,5VJ9_C,False,0,4.0,0.632,4E5C_A
942,5VJ9_D,False,0,4.0,0.632,4E5C_A
943,5XZ1_A,False,0,4.0,0.594,6AZ4_A
944,5XZ1_B,False,0,4.0,0.594,6AZ4_A
945,5XZ1_C,False,0,4.0,0.594,6AZ4_A
946,5XZ1_D,False,0,4.0,0.594,6AZ4_A
947,5Z1H_A,False,0,4.0,0.565,4J50_A
948,5Z1H_B,False,0,4.0,0.565,4J50_A
949,5Z1I_A,False,0,4.0,0.545,1NTA_B
950,5Z71_A,False,0,4.0,0.594,6AZ4_A
951,5Z71_B,False,0,4.0,0.594,6AZ4_A
952,6AZ4_A,False,0,1.0,0.675,4FNJ_A
953,6AZ4_B,False,0,2.0,0.7,6QIR_D
954,6BFB_X,False,0,2.0,0.5,2OIU_P
955,6BFB_Y,False,0,2.0,0.46,5EAO_A
956,6C63_A,False,0,3.0,0.703,5V3F_A
957,6C63_B,False,0,3.0,0.703,5V3F_A
958,6C63_C,False,0,3.0,0.7879999999999999,5V3F_A
959,6C64_A,False,0,3.0,0.703,5V3F_A
960,6C64_B,False,0,3.0,0.703,5V3F_A
961,6C64_D,False,0,3.0,0.7879999999999999,5V3F_A
962,6C65_A,False,0,3.0,0.7070000000000001,6E8S_A
963,6C65_B,False,0,3.0,0.7070000000000001,6E8S_A
964,6C65_C,False,0,3.0,0.722,5V3F_A
965,6CB3_A,False,0,3.0,0.5529999999999999,4Y1M_A
966,6CB3_B,False,0,3.0,0.5529999999999999,4Y1M_A
967,6CC1_A,False,0,3.0,0.512,4FRN_A
968,6CC1_B,False,0,3.0,0.512,4FRN_A
969,6CC3_A,False,0,3.0,0.504,4FRN_A
970,6CC3_B,False,0,3.0,0.504,4FRN_A
971,C,False,0,2.0,0.545,6DLR_A
972,D,False,0,2.0,0.545,6DLR_A
973,6D3P_A,False,0,0.0,0.526,5EAO_A
974,6D8L_A,False,0,2.0,0.488,7JRS_A
975,6D8L_B,False,0,2.0,0.488,7JRS_A
976,6D8O_A,False,0,2.0,0.485,7JRS_A
977,6D8O_B,False,0,2.0,0.485,7JRS_A
978,6DLR_A,False,0,1.0,0.547,6OL3_C
979,6DN1_X,False,0,2.0,0.542,6QN3_A
980,6DN1_Z,False,0,2.0,0.461,2OIU_P
981,6DN2_X,False,0,2.0,0.5,2OIU_P
982,6DN2_Y,False,0,2.0,0.46,5EAO_A
983,6DN3_X,False,0,2.0,0.5,2OIU_P
984,6DN3_Y,False,0,2.0,0.46,5EAO_A
985,6DVK_H,False,0,2.0,0.509,6JXM_B
986,6E7L_A,False,0,0.0,0.64,1NTA_A
987,6E80_A,False,0,3.0,0.5479999999999999,1YKQ_B
988,6E81_A,False,0,3.0,0.5479999999999999,1YKQ_B
989,6E82_A,False,0,3.0,0.59,6UGI_A
990,6E84_A,False,0,3.0,0.5479999999999999,1YKQ_B
991,6E8S_A,False,0,1.0,0.7070000000000001,6C65_A
992,6E8S_B,False,0,1.0,0.7070000000000001,6C65_A
993,6E8T_A,False,0,1.0,0.6759999999999999,6C63_C
994,6E8T_B,False,0,1.0,0.6759999999999999,6C63_C
995,6E8T_C,False,0,1.0,0.6759999999999999,6C63_C
996,6E8T_D,False,0,1.0,0.6759999999999999,6C63_C
997,6E8U_B,False,0,1.0,0.605,6C63_C
998,6G7Z_A,False,0,3.0,0.478,7JRS_A
999,6G7Z_B,False,0,3.0,0.466,5M0H_A
1000,6GYV_A,False,0,3.0,0.419,5V3I_A
1001,6H0R_A,False,0,2.0,0.537,6E8T_A
1002,6H0R_B,False,0,2.0,0.537,6E8T_A
1003,6HU6_A,False,0,0.0,0.6,6IA2_A
1004,6HU6_B,False,0,0.0,0.583,4MCE_B
1005,6HU6_E,False,0,4.0,0.6,2OE5_A
1006,6HU6_F,False,0,2.0,0.636,1NUJ_B
1007,6IA2_A,False,0,4.0,0.6,6HU6_A
1008,6IA2_B,False,0,4.0,0.6,6HU6_A
1009,6JBF_A,False,0,4.0,0.565,4J50_A
1010,6JBF_B,False,0,4.0,0.565,4J50_A
1011,6JBF_C,False,0,4.0,0.565,4J50_A
1012,6JBF_D,False,0,4.0,0.565,4J50_A
1013,6JBG_A,False,0,4.0,0.565,1NTA_B
1014,6JBG_B,False,0,4.0,0.565,1NTA_B
1015,6JBG_C,False,0,4.0,0.565,4J50_A
1016,6JBG_D,False,0,4.0,0.565,4J50_A
1017,6JJH_B,False,0,0.0,0.667,3SJ2_B
1018,6JJI_B,False,0,0.0,0.667,3SJ2_B
1019,6JQ5_A,False,0,2.0,0.489,2EEU_A
1020,6JQ5_B,False,0,2.0,0.489,2EEU_A
1021,6JQ6_U,False,0,2.0,0.44,5KPY_A
1022,6JXM_B,False,0,4.0,0.722,4MGM_A
1023,6L0Y_A,False,0,4.0,0.625,6E7L_A
1024,6L0Y_B,False,0,4.0,0.625,6E7L_A
1025,6MJ0_A,False,0,2.0,0.45,4YB0_A
1026,6MJ0_B,False,0,2.0,0.45,4YB0_A
1027,6OL3_C,False,0,0.0,0.527,6DLR_A
1028,6OWL_B,False,0,3.0,1.0,5UEF_C
1029,6OWL_C,False,0,4.0,1.0,5UEF_C
1030,6PMO_A,False,0,0.0,0.524,A
1031,6PMO_B,False,0,0.0,0.711,6JXM_B
1032,6PQ7_C,False,0,1.0,0.605,6C63_C
1033,6Q57_A,False,0,2.0,0.47600000000000003,6PMO_B
1034,6QIR_A,False,0,2.0,1.0,6QIR_D
1035,6QIR_B,False,0,3.0,1.0,6QIR_D
1036,6QIR_C,False,0,4.0,1.0,6QIR_D
1037,6QIR_D,False,0,0.0,1.0,6QIS_E
1038,6QIS_A,False,0,2.0,1.0,6QIR_D
1039,6QIS_B,False,0,3.0,1.0,6QIR_D
1040,6QIS_C,False,0,4.0,1.0,6QIR_D
1041,6QIS_D,False,0,0.0,1.0,6QIS_E
1042,6QIS_E,False,0,1.0,1.0,6QIR_D
1043,6QIS_F,False,0,2.0,1.0,6QIR_D
1044,6QIS_G,False,0,3.0,1.0,6QIR_D
1045,6QIS_H,False,0,4.0,1.0,6QIR_D
1046,6QIT_A,False,0,0.0,1.0,6QIS_E
1047,6QIT_B,False,0,1.0,1.0,6QIR_D
1048,6QIT_C,False,0,2.0,1.0,6QIR_D
1049,6QIT_D,False,0,3.0,1.0,6QIR_D
1050,6QIV_A,False,0,4.0,1.0,6QIR_D
1051,6QN3_A,False,0,0.0,0.542,6DN1_X
1052,6QN3_B,False,0,0.0,0.542,6DN1_X
1053,6R47_B,False,0,1.0,0.6,6JJH_B
1054,6SVS_A,False,0,2.0,0.39,6UFJ_A
1055,6SVS_B,False,0,2.0,0.39,6UFJ_A
1056,6T3K_A,False,0,2.0,0.43200000000000005,2A64_A
1057,6T3K_B,False,0,3.0,1.0,4FAR_B
1058,6T3N_A,False,0,2.0,0.433,2A64_A
1059,6T3S_A,False,0,2.0,0.431,2A64_A
1060,6U7Y_B,False,0,3.0,0.611,1ZEV_A
1061,6U7Z_B,False,0,3.0,0.611,1ZEV_A
1062,6U8F_A,False,0,3.0,0.636,6AZ4_A
1063,6U8F_B,False,0,3.0,0.611,1ZEV_A
1064,6UBU_B,False,0,1.0,0.645,3LA5_A
1065,6UC7_B,False,0,1.0,0.645,3LA5_A
1066,6UC8_B,False,0,1.0,0.645,3LA5_A
1067,6UC9_B,False,0,1.0,0.645,3LA5_A
1068,6UEY_A,False,0,4.0,0.48100000000000004,2OIU_P
1069,6UEY_C,False,0,4.0,0.48100000000000004,2OIU_P
1070,6UF1_A,False,0,4.0,0.48100000000000004,2OIU_P
1071,6UF1_C,False,0,4.0,0.48100000000000004,2OIU_P
1072,6UFG_B,False,0,1.0,0.722,A
1073,6UFJ_A,False,0,4.0,0.46799999999999997,2OIU_P
1074,6UFJ_C,False,0,4.0,0.46799999999999997,2OIU_P
1075,6UFJ_E,False,0,3.0,1.0,6UFJ_F
1076,6UFJ_F,False,0,0.0,1.0,6UFK_E
1077,6UFK_A,False,0,4.0,0.46799999999999997,2OIU_P
1078,6UFK_C,False,0,4.0,0.46799999999999997,2OIU_P
1079,6UFK_E,False,0,2.0,1.0,6UFJ_F
1080,6UFK_F,False,0,3.0,1.0,6UFJ_F
1081,6UFM_A,False,0,1.0,0.696,A
1082,6UGI_A,False,0,0.0,0.59,6E82_A
1083,6UGJ_A,False,0,0.0,0.59,6E82_A
1084,6UP0_C,False,0,1.0,0.7070000000000001,6C65_A
1085,6UP0_D,False,0,1.0,0.7070000000000001,6C65_A
1086,6V9B_B,False,0,1.0,0.636,6C63_C
1087,6V9B_D,False,0,1.0,0.636,6C63_C
1088,6V9D_B,False,0,1.0,0.636,6C63_C
1089,6V9D_E,False,0,1.0,0.636,6C63_C
1090,6VUH_A,False,0,0.0,0.579,3K1V_A
1091,6VUI_A,False,0,0.0,0.579,3K1V_A
1092,6XRQ_A,False,0,0.0,0.667,3SJ2_B
1093,6XRQ_B,False,0,0.0,0.667,3SJ2_B
1094,6Y0T_A,False,0,2.0,0.5670000000000001,387D_A
1095,6Y0T_B,False,0,2.0,0.5670000000000001,387D_A
1096,6Y0Y_A,False,0,2.0,0.545,1Q93_A
1097,6YLB_B,False,0,2.0,1.0,6YLB_N
1098,6YLB_D,False,0,3.0,1.0,6YLB_N
1099,6YLB_G,False,0,2.0,1.0,6YLB_N
1100,6YLB_J,False,0,3.0,1.0,6YLB_N
1101,6YLB_N,False,0,0.0,1.0,6YMI_P
1102,6YLB_P,False,0,2.0,1.0,6YLB_N
1103,6YMI_B,False,0,3.0,1.0,6YLB_N
1104,6YMI_D,False,0,0.0,1.0,6YMI_P
1105,6YMI_G,False,0,2.0,1.0,6YLB_N
1106,6YMI_J,False,0,3.0,1.0,6YLB_N
1107,6YMI_N,False,0,0.0,1.0,6YMI_P
1108,6YMI_P,False,0,1.0,1.0,6YLB_N
1109,6YMJ_B,False,0,2.0,1.0,6YLB_N
1110,6YMJ_D,False,0,3.0,1.0,6YLB_N
1111,6YMJ_G,False,0,0.0,1.0,6YMI_P
1112,6YMJ_J,False,0,1.0,1.0,6YLB_N
1113,6YMJ_N,False,0,2.0,1.0,6YLB_N
1114,6YMJ_P,False,0,3.0,1.0,6YLB_N
1115,6YMK_B,False,0,4.0,1.0,6YLB_N
1116,6YMK_D,False,0,0.0,1.0,6YMI_P
1117,6YMK_G,False,0,1.0,1.0,6YLB_N
1118,6YMK_J,False,0,2.0,1.0,6YLB_N
1119,6YMK_N,False,0,3.0,1.0,6YLB_N
1120,6YMK_P,False,0,4.0,1.0,6YLB_N
1121,6YML_B,False,0,0.0,1.0,6YMI_P
1122,6YML_D,False,0,1.0,1.0,6YLB_N
1123,6YMM_B,False,0,2.0,1.0,6YLB_N
1124,6YMM_D,False,0,3.0,1.0,6YLB_N
1125,7D7W_A,False,0,2.0,0.667,7D81_A
1126,7D7X_A,False,0,2.0,0.667,7D81_A
1127,7D7Y_A,False,0,2.0,0.667,7D81_A
1128,7D7Z_A,False,0,2.0,0.667,7D81_A
1129,7D81_A,False,0,4.0,0.667,7D7W_A
1130,7D82_A,False,0,4.0,0.667,7D7W_A
1131,7EAF_A,False,0,3.0,0.485,4MEG_B
1132,7EAG_A,False,0,0.0,0.619,4C40_A
1133,7EAG_B,False,0,0.0,0.619,4C40_A
1134,7EAG_C,False,0,0.0,0.619,4C40_A
1135,7EAG_D,False,0,0.0,0.619,4C40_A
1136,7EAG_E,False,0,0.0,0.619,4C40_A
1137,7EAG_F,False,0,0.0,0.619,4C40_A
1138,7ELP_A,False,0,2.0,0.509,5M0H_A
1139,7ELP_B,False,0,2.0,0.509,5M0H_A
1140,7ELQ_A,False,0,2.0,0.509,5M0H_A
1141,7ELQ_B,False,0,2.0,0.509,5M0H_A
1142,7ELR_A,False,0,2.0,0.509,5M0H_A
1143,7ELR_B,False,0,2.0,0.509,5M0H_A
1144,7ELS_A,False,0,2.0,0.509,5M0H_A
1145,7ELS_B,False,0,2.0,0.509,5M0H_A
1146,7EZ0_N,False,0,2.0,0.39,2A64_A
1147,7EZ2_B,False,0,1.0,0.5,2VAL_C
1148,7EZ2_N,False,0,2.0,0.39899999999999997,2A64_A
1149,7JNH_A,False,0,2.0,0.39299999999999996,4JRD_B
1150,7JRS_A,False,0,1.0,0.503,1GID_A
1151,7JRS_B,False,0,1.0,0.503,1GID_A
1152,7JRT_A,False,0,3.0,0.509,7LYF_A
1153,7JRT_B,False,0,3.0,0.509,7LYF_A
1154,7KD1_A,False,0,2.0,0.47600000000000003,6PMO_B
1155,7L0Z_G,False,0,4.0,0.507,3VRS_A
1156,7LNE_A,False,0,1.0,0.688,4NFO_A
1157,7LNE_B,False,0,1.0,0.688,4NFO_A
1158,7LNF_A,False,0,1.0,0.688,4NFO_A
1159,7LNF_B,False,0,1.0,0.688,4NFO_A
1160,7LNG_A,False,0,1.0,0.688,4NFO_A
1161,7LNG_B,False,0,1.0,0.688,4NFO_A
1162,7LYF_A,False,0,2.0,0.514,6JXM_B
1163,7LYJ_A,False,0,4.0,0.507,7D7W_A
1164,7MKY_A,False,0,4.0,0.507,7D7W_A
1165,7OA3_A,False,0,2.0,0.512,6UFG_B
1166,7OA3_B,False,0,2.0,0.512,6UFG_B
1167,7OAV_A,False,0,2.0,0.512,6UFG_B
1168,7OAV_B,False,0,2.0,0.512,6UFG_B
1169,7OAV_C,False,0,2.0,0.512,6UFG_B
1170,7OAV_D,False,0,2.0,0.512,6UFG_B
1171,7OAW_A,False,0,2.0,0.512,6UFG_B
1172,7OAW_B,False,0,2.0,0.512,6UFG_B
1173,7OAW_C,False,0,2.0,0.512,6UFG_B
1174,7OAW_D,False,0,2.0,0.512,6UFG_B
1175,7OAX_A,False,0,2.0,0.512,6UFG_B
1176,7OAX_B,False,0,2.0,0.512,6UFG_B
1177,7OAX_C,False,0,2.0,0.512,6UFG_B
1178,7OAX_D,False,0,2.0,0.512,6UFG_B
